address,number
omniflix1u2xxgs28gjfj4udkzu2fwn6t6pkewys9g7cj70,2
omniflix1mj4c3whfpphcsw0m2vu6g9r0d6pgv8cfmdpsnq,4
omniflix1gje8vjesudsg00h9mj6gc4cm23vp6eaaccl3py,2
omniflix1wun3h5luhr9y4pu79790gr573ku2qmrnk5x99r,2
omniflix1shkd3d84nkxm9agg649jwsdcwpxta6q5welfmn,2
omniflix10cd2tak44adasz5j57uhr5ya9ne0j722ntp5r3,2
omniflix1uvjzl78r65c4sxe9pamdqswascslknf5uxwuhz,1
omniflix185zcsm5x5r78jn2wt2au7m2ygyt45gh5gs9p96,4
omniflix197q3gxntvj3f9nfcvteth2vtpyueksxmcjdd68,2
omniflix1yxn0v67vxvw49mlh074psmkwhpgzdn2q0rrank,2
omniflix1wqrwa0xhzfks6wlyqct62dd96u7q9fju9uprqk,1
omniflix182swvnw7jr83ytf00x2v5jtkwv08nf38ljjkxa,2
omniflix1nauea0g7sz4ac49m82430ptp4q5fpaz2qyktjs,5
omniflix1392vmkuqyzy4upqlwuu42nfq004gfgw22gmvfv,2
omniflix1z0zchsuqtxpetp54j7pl557fkf93ya3cplu5ad,3
omniflix14d92r4svhl4qa3g6q48tjekarw2kt67nkdklk6,4
omniflix16uzmrkdp7vs2vrczsuzermd3knxyup5kszqd7n,7
omniflix1rdtphelssydqdsq88xxeqt22xj7a34mpwkhjyu,3
omniflix14w4c0m477zcwgspgk8k9vf2je8a8gx64tcnhze,1
omniflix10qz9uqy0d80dhgf0ua043mlfl2jt7phx4uvs5s,2
omniflix1cnvy2ezusqxm07x92hevtqlfnayr7yh3nxq52x,2
omniflix1sefn0da30juv928gj4anarq27vqq73v4l5g7uw,4
omniflix1xh6qcmnn3m5snq05g24c2zjz9q5qwx5chh472v,2
omniflix16dy0dwrfay6kqqhc63ludraxtey6fa8jtw547l,2
omniflix1z8zyckttkkgtp9s2vdyc8hd5nu4x6keugh5wwe,2
omniflix1t8e5vktvrtwxn98tfr3k3esl424s2jm6g8z9ft,2
omniflix16t5uzfgdzs4nkjks2k39dp7xnd4647djv5cx23,2
omniflix17kjugza9rwfgyrwsrpvkj5apq6sxmsfpwsd6er,2
omniflix1fhkga75da3j3fd0er3m76gj9uwtqqngkwc2d2x,2
omniflix1k0anvfqhceh4clhjrvvfzmcdltj6y2q9fvwd8q,1
omniflix1zj0p0a58sx8c5lf5lt7xfpwgysl4q4wazumfec,2
omniflix15hmqrc245kryaehxlch7scl9d9znxa58agstw4,2
omniflix177890rv8t3c8x779ep7em6g4gk4d40x8lk9wm5,1
omniflix1g337l7kq8phe6rth93tmxjmlqza7stm9qhk94v,6
omniflix1dg7lqrm8mfzuw06vs3yssp4pw6dd3z452w0tr8,2
omniflix128d98lhrfh0zdusqt45mumrfpwkl2qmnaptzng,2
omniflix19qcdy8frqke6a3c3gscuwrpktujg3udeexwczv,2
omniflix12el8k6fz3n80mv2czz6apdxplsnpxznaawjpee,2
omniflix1dzv2cf6wq4wcypc037flq36pwhqm32kzndtu5m,2
omniflix1gjztrytr6cqhqe54urghwwk8xgdepxm5ha4x7q,2
omniflix1rdg7ec7a8men3dvxnh5afkpdxcevqkrkfaxvp8,4
omniflix1jfn9avuhaq5uu8a4qxc82vunu7x4qcmutqcefv,2
omniflix10s9kyld4wgn02kzst3nqnjmkv3rmw072xeqrur,2
omniflix1k7lanjkmkc0km8clcjurepyz93l02ha7wnx24p,2
omniflix1gxsmetwlkn2c2p9cp9d0s4gepqnj7pd6etwzrx,4
omniflix1nvzhh8nltljfdmmeecqywz2ps280hfa92qg2q6,2
omniflix1a9h9wjwpaxhuu9exfjfrky6rwzhtungd75awe7,5
omniflix1q9cxkggmm93lfqp9a0uxr03wmt24tfthydq093,2
omniflix1uvu6dw6vwqfm583zz64hqnfsjlslgejy0ux4kk,2
omniflix1auaffqw8enc5ru9arlqxj6c8ceksvq20g0lehh,1
omniflix1fwrygrq854ahn4fug6uvq8rmdtppxwvg04pzm9,2
omniflix1z35x9dzrsgc0fzg2j3dp35jtjr0ytd444gnz6x,2
omniflix14gwg2qaghttmmsm8a998kkv4sav0mke060v2x9,2
omniflix1t2kthwldf2v74cawye7qapukncsdzk50l9fu67,5
omniflix104xpnszxggxwar0uykry69dq2zr4s0v5qwyp3a,2
omniflix1gy3hy7q0tzk7nuzp3n244pwq6lk93tkdh32f5a,2
omniflix1lkcsfv4ca4h504slzphudnxqazm08tmjlvlrd6,1
omniflix1mq9759sngcmtvcdq4h7fd0fnc8xtuqnkswk4qj,2
omniflix1hyq7k6zfrgdqf0g7xq6kt66u4nyp28g2fuhxd5,2
omniflix1rq5hr6vyexs9c3nyjdjggda7kelwg9jtazd2e6,1
omniflix16s9lqwxpx3v37pktkf0tly5gntj9fpnydkzd3p,2
omniflix15767kvc7a6ve82s9dqfpu4ek9knq3n7l5x2666,2
omniflix17n35jl5q7l7z3798l845pgyg658d64a0h3u8lv,1
omniflix1dt2xrl3e4d5kl8umv2w8c9kjm5nwssxjjprskv,2
omniflix1en69twaxmv7xupy8lq7y539dpecx7yz8kzndqj,6
omniflix1gr4xqrhmn44a7uu4ddhdulyrngxs0w2n4jvwq7,1
omniflix103nzfrmr4cttxrm7326z89sprgvg2fagya6nrq,1
omniflix1twyt308kpr3e5lxadllguzfz9mh4ny5zqfn6gn,2
omniflix189qnyrn5kcxrv3akwk02wz6dzd6myvdt5d740c,3
omniflix1lqyrv6qpxxkvem0qa4sd5vn08lvl80mdpddc9g,1
omniflix1t7t4ekh4ydmdpj2y9wdzcdzulu6w56hlw3znfh,3
omniflix1suvlzxf5057p5tlu9636ysy02t6v38e27whr2r,2
omniflix1aqr9jwwlr487w0rqqwznnky49xz4c2jpk7xsa8,5
omniflix16th2c6lj4wadzwd5seqya62fald6udatgmkwkz,2
omniflix1ay5fam9wjgk0g3g97f7myq359zlngj25ylgmtu,2
omniflix1kkaryts8yf99xjdytec467lgm8zjekx0jxlfr3,2
omniflix16hds80qfhejx4an8ga9l4pt30hx00e4xnn7n6k,2
omniflix139nx7uw5jv8dwy8xtp6xc7k9ghd00g9aatp730,2
omniflix1jurgtpheq6sw59pm2mx8sgm8xtq020cyz4p6zp,3
omniflix1tjhj40qm44mlsfnjk98lkwrsk6ff32evyu7zwd,2
omniflix1lxt0ahnke35pm0upwdkn8eg3976zk56k5nnw72,2
omniflix1u5puqwvu0etxrmjywkz06aw2fmnxnj0ljpwyus,2
omniflix1ydgfy54c638dnv5dqcl453azum29ezsnrasrcx,2
omniflix1z36h3xz2p45ac7cjqnqaghdpsaqwq4dyyxqkcu,1
omniflix1g4ve6uxpcccechgjwuyhalhj3qd44zsf0jmxqx,5
omniflix1efqkqp5kg0c390rkl5s3ne73qsshpuejapdux5,2
omniflix1m9fsuhaf4kq2dc7ymtgrusly5nyl4wjrwdq3wr,2
omniflix143z63y9ke3nennxrg3zxcfu8h2yffevqc8f58k,1
omniflix1sypqufzxkqqmul7g8f8xz0hjfkgsj9quheyf30,2
omniflix1y4vrdul6wzxkn39p37nh86htts549qv6f6dx6q,1
omniflix1dyaghnvyztex7ntgkr56jz753zth4zlqeeaw0r,2
omniflix1mu26reayvd7vwknxugmx3vw8fqmvladj5ahzpe,2
omniflix1e8h7ejh3jehpej3xa6azt5m0385j8tpasmlx2j,5
omniflix1ps6f67034fp22nqpvkur5pry039nfjpu3cl57p,3
omniflix1scpw0fn0ysfzatxadkg47pw89z62842dpyrr7x,2
omniflix1ayk28wvw9rpawzklk7jku5dscgyzkpagyk67x7,2
omniflix1anax7aychuzfskqlgqmyjqxxdesq6clkhw6pkd,2
omniflix1kacj7uutqqq6pwndf79j36krwq22rctjyjtxx3,2
omniflix1ljaj489d8vv9c30pu9rwfhjhne5mnwnhr6p35l,2
omniflix15cxzysdx8aavudyr8phtreq2uw6k5j3gu6uknd,2
omniflix1cx538xh4ljdf0sc0hmlhw3dcpu7jlsk3vdpkf2,4
omniflix1d58f52r5nhdytsudtkgnwy7yjtx74gvlmcjlhn,2
omniflix1cs5ttlsg0qmxalcgpe0rw2m5003nkth3vh3dy8,1
omniflix1kdyshjlxha552p3vq5yd88dc0jjfp3ep2dduw8,2
omniflix1m6c06slc4gt39tdez6xgq2umt28ducyr8gl3zd,3
omniflix1zj9w6xypku8j0t09k42wa4dmmc8rvfgc83xk5h,2
omniflix1euf22kkp27wa53feem5wv7jaye4ll0kucx4000,2
omniflix1svd895fup5hqxlgttjrx428dswhlayh33nkpz6,4
omniflix178z4shdn9akvn3djy545venkg8quqw3aayg05a,3
omniflix1gds79v0px9z52sldkuhdhq89yd0e6vftpvx5dn,2
omniflix1qxrqr8z4dpcns7afgvla3868ekuudjmdpfw7jf,4
omniflix1mksc5x458dqknzu39s9g82u55w0t6944gz9777,2
omniflix1wm48qr3d6qyx2ngzmju9tw9wqxeyv2epy5ftks,2
omniflix1ljusqh9wlxxzjfsywkypchwuzy7jlcutnh2a3k,2
omniflix19tkec6ptf90qu69cnsau03c6yc55rpwvvjc2j4,1
omniflix12ts45fk5w25sypzeu2x6ey8u6zakmllgvdkfxr,2
omniflix13gccl8hlxpkwsp2gc57q3kr9jhr8hz6dp7v4m8,2
omniflix1uznr6lmlyx66er4dvw54c7e25pyr0qg3w487mc,1
omniflix1rg6egwmy4570ck8aa7z772p7atasr5470ntely,2
omniflix1kjavd2jfj2g5g9gruehxz2ef79drf3mkfujn2s,1
omniflix1hdkemyk4lgufqepez9duvn32qu8edpyxnfadxg,4
omniflix13nzzsqenw5r98x7lpwxy2f5l5mq2gncgvwt8qn,3
omniflix1yhwdlajgyx2f4d6633yzq8ett00t347uh4djul,2
omniflix1rxwnxskx7w9jjecfzjve35juw3qxughskdrgac,3
omniflix1d66jy5m3ww3z9nggzxslq2hgmsr7q6rp5vjdf8,1
omniflix1mxpyg8u68k6a8wdu3hs5whcpw9q285pc4hle0a,1
omniflix1yv5gujp4k93euld25emclqlh8n7ysl9mpkkdeg,2
omniflix157xw30y40uh4d9ydgdf86lkslzm5wldyvfxf6p,2
omniflix1rv0d6u98y7mpd9y9nsfp00akvp4rnfnvujlj4s,1
omniflix14edxqwqdukl84cw2jpysxjm60djurrzxcrfjer,2
omniflix1a6p46t9pd6f282gqe6edluyp7754y92r5y39dh,2
omniflix1590s6kxxcwcjnltgp4rmvy0kh0wu5a09x7n4de,2
omniflix1jdjqnphlkkw6fh0c66kwqywyqdr2dn227u5428,1
omniflix1pem4zkefmgzgsqx9f9m8p8dqh76j4tz9pnykzl,2
omniflix1eghwxnz0e2549jv97vrkl5yskd86rqe23cz86x,2
omniflix1dl6z2z9d33mzu2d2x8mqehdackmt7ylffys8fj,2
omniflix1v44j5v78tuh8segucffv5gz0gd36f47ev9juyt,2
omniflix10t3k6wvv7fvfmlshg852zu3pf6xkckun5qayyx,2
omniflix1xuwl7x8htyl26t7pe3l0x6auj3j9jwd2lguy6m,2
omniflix1gjxgpvdm7jpeg6tkvum8g7catjzj04h9ss5e08,2
omniflix1k8kgxu7y33t7ygmw0pnp6kz8r4lmmjwxcnakkv,2
omniflix18kwsyu5w0tfdy3qpc2wctcs84prylp989trj0p,2
omniflix1wrh8j9juex7cnxj43cw0lsdpgzvrsxmhwfv5pr,2
omniflix1d8hqrj8saengp0734ha8zhzsr2az8a9e4t2kgf,4
omniflix1fa42ncm8acu4fhgczznzra5fecxq8e2zl7k3v6,2
omniflix1dv6rxmn60ddchynn0a4745qafl6gmjuuzvrkns,1
omniflix1y8lgme4d47nfnevhkwvyx0wd33zhl7unn0dfya,2
omniflix1n8j9xve22sh5arf2kfdtdde46udztada27phex,1
omniflix1a3858f250ve4t6rp9ef2svpr7sj20aaxap9y9s,2
omniflix146uhkm9ectfsr26pnjuzxttca7ths760xkz7ae,2
omniflix1hnepcy09ppj2nxf0c08zqnlgntum550z6a7u4q,2
omniflix1j5ft99lyd36e5fyp8kh8ze7qcj00relm670uhf,2
omniflix1qjzzu0pd9c47k6kvl8f3mfj0he67xwkf6q7hav,2
omniflix10seshkv5y3p8hlcpnl7y2zm4fs5rlj0d489p52,2
omniflix1fujmjmps96ee25mhm67ehlmmzgmnmx3y7l4nrr,1
omniflix1v3y2evk9vrkxdfnn2gxx96r8zjejyr5z7zqssp,2
omniflix1jkmp63fey07f5rd2z3y30f307p2nnkfspqmkx7,2
omniflix1xz4kdpwygkf8pcqzpgjhefx858m9nq8vyywvvf,2
omniflix1pls6ps584ymly39fmudhge0q9m4jmdx2k3s2fl,2
omniflix15fe86sscuhudn2y6ndrmj2406trtw5k9kegywz,1
omniflix1y30cysnewankvqc22trhhngm5r4jyfe32n2q2p,2
omniflix1lfnhfumkghshexewar7kvmc7ff63sz0jfyew58,3
omniflix1jywu9q4sny6nvddeu5ngzr8gsl2yddyr0c5aet,2
omniflix160c4hf65fcxewuf7efhum8p78e2y9wz365r59n,1
omniflix1l5fl0x0mz0euezyyww846ufs4znlw9cyl598qy,5
omniflix15qnf6turgmunhkvxrx0skvgw3apcwdp85fpfm2,2
omniflix1s25fg9d3skygsqsernffhacrj5ck5keveetppj,2
omniflix1ltf3pnfg85p92qd85xhcgg8n74p2hm74y8lday,1
omniflix1475qyrmrpn44us45yw7mq4tx8j0evn0znzql7m,2
omniflix1hy9cgqnnssgq060hzl8zd7v8wavhx3ha82f6jk,3
omniflix1uplgauten46exm5693dflggdvvg9rpda727uy3,2
omniflix1m8l2n440w5qyr5v87utzv3j0vuzjka8yndrst8,2
omniflix1ycuvgafl03rp28lhu0ygwzaxyrw567dea55yvs,2
omniflix16sztl5nnquraz538p6knmwpe23hutzw0tetzj8,2
omniflix1yng27xvqv0z7uszrzvcfkggdpnxgartqh7cjd0,2
omniflix15mmgzuzjmhk4wmvt8553anr0kvma79phq0y2ux,2
omniflix1vs3drav5z7aclucz85eta40y9gk6m22sj2lqrd,1
omniflix1xzktgumtn7kn2g665w8ukuwtwxtlw8mxecf0s0,2
omniflix1pkm998xw4vtluu0k4agya7e6zf4rwxslwn0wvv,4
omniflix1nsfw3kskhgmv7j4wyqvsaasxnyn9skak5w7fkn,2
omniflix1vzgrlxg99tv4luxhrv8lsvellcl9ksmckrvyxa,1
omniflix14x893vphgfwjeu3dyz5ee9vtrx6z66f640ypfs,5
omniflix1jgnkjne6yf9u92e0al7qff2w2fpajxl6zgh2ds,2
omniflix1ru3tdzdnfww7du3pkfxfxdxesvwclu7r33gm9u,1
omniflix1crxmn5wrecckctt8v5h9ur4yzhsl2hrpscj7dr,2
omniflix190c56w0et3veq7u8enhf7a3zz6mnfapat8hayl,2
omniflix10dcrsrn4ct7uyxcyd22euc8klj08q83wmehzhn,2
omniflix1vr4kyvhdcdatzfux0q8hzavd8e7ytrp8lqmdjj,1
omniflix1fknflygrztkwf4tlnmk7q6g6xk4j62nrdgx0rm,2
omniflix15xqtcn87vwskr25aj0g78fksfk2dpm8q6wgjxd,2
omniflix1yk8anx9kam5ep6ajkwhvd9dy2wqrfkvuxc2zeh,1
omniflix1wqtsfjrkdd6s48dn2545ejvt7kerms3n2j8nr8,2
omniflix1fku9gl93dy3z4d2y58gza06un72ulmd8kaj93s,4
omniflix1d8pwj29kze0m35grea4z9qkdgl9e54en7g5fez,2
omniflix17zteyyzz5dvfvg0yn389j85e29e2xczhgzcuy9,1
omniflix1az83k2zgpjx3nszvwrywrez8ypp9fg2y5nqj56,1
omniflix10lhqnzq6nhemqa0y5hrj8vvgwhpyz7yysgnmv9,3
omniflix1gdjq7tysn2d3mycfcqd8mrpnkfsd54k92dwpav,2
omniflix1ddefwgwems0u53w78mczqkz86gqx3uc8z09u6x,4
omniflix1ypdn4l96qa6fn55aktrahskf8gp7nvrkhannve,2
omniflix1cgnmt3ud9we7rfn5e3hnk7nkp0fu8rwml7e5t8,2
omniflix1j6zza62npfpwxzdfqt528rr7tm8rwf4vtd0sj7,1
omniflix10tp6zckddjwtl22jdurra5yadx72tyx6g6s94c,2
omniflix1kgfdzqlr69dtq067q2qkhy4h9dadhp8r6hkgsm,2
omniflix17ng6uegcpk2t49wzn09xpr3x3lf3g23vhkts8x,2
omniflix1wjgzwwrdelmz6t6dglhx84e96vkwptt2ezml88,2
omniflix10vtg6h9wrekrjrexllj4k4murs8dss6cevqjmt,2
omniflix1h5gc2wf9c7s4svxvlkgyxsa3hrzvf86qjd8qht,2
omniflix1t57tfp3ykhpf87ejaf5mwkn209vmhz9rp4vpd6,1
omniflix1r0ghv5k4g0xcved3v3f7u8fug5l77rk5x35pw5,3
omniflix143d2gk8dfffh5a77f23tml2de50jyasmad3hp7,2
omniflix1lg52fj8scsw5p7va56uc9hg47wkplzad8cj9d0,1
omniflix1ezyhuurqlj4fjr40sgysk8s85c5vthqx9srldf,2
omniflix1ye6s5t006k5nalsp944rkp7cslwfas8ltglyys,2
omniflix13zg64fh2af96f7lsuyz3fxr5vucpy4dlljc9tz,4
omniflix1dwzxaessw2fpvfzyh4wp7kgmgcfgeqth0rsz8m,2
omniflix13gd97ke6erejqk2p050xkpc63jhtujreeh7s4d,2
omniflix1865k2hvqrq2gywj2mu9ftugnrevyd29390drt0,1
omniflix1pm9320azsu26d094p4uj4rkcarraxwrx9yx23u,2
omniflix1gzdgqfz9a5hpm9mp6v08d2cejcukup3g8dhxxj,1
omniflix1dl9jfeu6hw6t7fe3452zan82zltrfrpvqcu09z,1
omniflix1ykyk43nxapm48n60ft0sr8ndrg8deu9penexhd,1
omniflix1yjv8g3dvac3wl5dd3qyaeyzwc5zdye4xfs7uq8,2
omniflix1rr6e74ya0qya3lvunzwded5wytjs5g4tz8t5cs,2
omniflix15zrts272qv7y45wyhn58tft3cj4qupnpsxfn75,2
omniflix1ml2xhx6eyzxvd088w4nk0jtm00yvrs5x5mswjk,2
omniflix1fv75s8vwlg7mk48nlpzrfwnvyxs3q3x5n0dkn7,1
omniflix1k6vwlhct8mpk5jvq6pqfxzlaqwm3ca6p3n4py4,2
omniflix1yapj782cpsx9u2nd4fv7yvqrumv9jlzrt6t77w,3
omniflix16f7v3xyfykpuff8tfymyzxdykxgt8p8vn63ejg,2
omniflix1jmn87cgp8yxxv58uq5texj7euuk3y84ywvqwqk,1
omniflix1drskrzk7uu462r5mzxg04tlfagfczedhhqwl9g,1
omniflix1mkk7xd9tll96rt2j8e8tamggu5agzwq7mpl2qf,2
omniflix1shzdv2ke6dhud0y6n0vf69ss8asxxptw82qn6y,1
omniflix1crkd84lvay6uk7cuj6w3g9astvuar4a56apgh7,2
omniflix1jcnrxh53ka7hxujkpnw44j76w26ey046eudyn2,1
omniflix145478wv55z0x0k98gzhunwe9749cek2m5wpuae,2
omniflix1t4ajsf03xxaluraclwlw3qly55r2fpcgaxhdwf,1
omniflix1uhw9p6fdwvx2etsmtfts8yq6rffllrprjsjguy,2
omniflix1uhy0n40nkdcgvsvcgylnhemyuc9hhgupguhcx5,3
omniflix155arss4j0575sx94kepw3un2vpjjtc683kwdmu,2
omniflix12rege0n9rdfhg83lp7rn60ws9ezjfzpld340la,2
omniflix1vukmmyh09y2yjdh45elf5v2g9za0dt7td9vr0l,2
omniflix102ystfr0srd309w8dmjmwqzp9v0rv6zn888st7,1
omniflix1v23dfus5r547gxxjz6hq79fjfx8lqunpy7j5vz,2
omniflix1g3v3whqk4n34d70qz5yz0c9tjqyr5wesg3wznq,3
omniflix1yjp8w6rhr3fdfnwkydgvt3dj0wc9r6lmr4j3e0,2
omniflix1xxk6artjctr3fgurh4p7mwgm0wyxy4yp9mmmqa,1
omniflix18as0t5t0nav8nz47rppddfm35u4ee2ddj4gz73,5
omniflix1g0x6ed2fn7kqrn3058cspkfnr5ukjquns25d6s,2
omniflix1h635saluug2s9pggk05364z6h0fglcqv2f6xnj,1
omniflix1hyjhy0tp6geral2g9vj9nyteglf8t5q459v2ct,2
omniflix1h96k2naawk7geyxfh307ghah5t5a08m9xeqqxq,2
omniflix1zxszlqhqz9vypw4067zv60pygg0hcaye54c8la,2
omniflix1xszmhkfjs3s00z2nvtn7evqxw3dtus6ya2ulgh,2
omniflix13dpy00jest96g7h5vdgvg9zpxq6xnclh268yax,2
omniflix1f0df5hdu5rn947kz7t2ekdm3n8nsr0gkuzwgej,2
omniflix1nsffk0nt927vn7pdsk8epzjeqch3yfzkud35gx,1
omniflix1r2nujddqfxvw3nuvdfgsnskxgrdhpfz7frz936,5
omniflix15v0hzug0p94426znqlcdjpjsp0txudjmqsgfd4,2
omniflix13l7quaygd0vx7v7gvlvs770dxt3yyq32pz5u8m,1
omniflix1grmn0csvrr57ka5mnfj8a2wvn9eaf6pe7adnwm,2
omniflix1p9w0uum7vdceck204ls0ra3pq8s4y9gv4pls0y,2
omniflix1x9au3m6xwp6u3wrvl64jrxd9tdq5mwk88h7470,1
omniflix1rhe3eqns0ysehxpnj9xjtxc4wzrlu4l4yyf4wl,2
omniflix154s3rjvv7nfrnvmk45f9ulgvn4mn3zl9ncxumu,2
omniflix16e8jwm9jvjwcjk75mkfwa8t0l2pmmquu7j83uh,1
omniflix1pg0lfu3t045qj76k59kfj24xvdv8d4g9sl5cwu,5
omniflix16n5we9kd3ewdp8ll0fgk8h2qnjzwtwz9luuhnh,2
omniflix1pyhr5x35f43kcyd345g9p5djrw2vvfq8vskl24,2
omniflix10gspc953t0smgs4as886varkatcmjrgsgh7cgr,1
omniflix1p5afwncel44vfrvylghncu2su7we57gmzj6sg7,1
omniflix1afvmty9nzpvg6m0thwt2ls9rfaawjuevtkxu95,1
omniflix15msrg5rvjnawdj6ra43um2cuvdtrtlt95gjqd7,2
omniflix1t8stj2ml6dhztl65k2tgvmwmfvct4vvrv3yfsm,5
omniflix19wv7srdrfn9qtt69jf3ep8ks280qgvk0uqjjjx,2
omniflix1num4y2e73tjkz0wsnx7304ydgqqfw85um7u8r7,4
omniflix1lv64h29wzuv4z2zy7mpgz73k40qkr53zlvd87s,3
omniflix1hah5vw2lfam236c0fhe9et7zvdh7c6j8wrn4wj,2
omniflix1wrm8mevp36k9cyer2qxxafjga3za0mqa5k0jet,2
omniflix1pgrezyp5zsgd4k7har2z5z3ph9dh5xgf4635sy,1
omniflix1jrapktlqqhzcn0e987nfhm4hfhwhrkwyd8lvvs,1
omniflix1dkftleer09gsdykr37szugwa0g2wxjcha6cfpe,2
omniflix1hlz876ypt8xhq7hl3qc9repjwlkr5p7cj00s67,2
omniflix1en573jr7chq9umwchv6azvq0twtzcsuuk569vy,4
omniflix1n9e8kw63uwdkn5hlrumjxsmlnssqn97zvmcgzf,4
omniflix1rsntu55zwhlhcfghh2wtzsxkr67qszupmn49e8,2
omniflix17a2w9wgx3p76w4y5uj6pkt34l9z30cmvdm9a64,2
omniflix103n0x78hlqg0egzg2932ya9kcwaq9js4j3sq0h,2
omniflix1nr6m3gx4v9a0dj2vj7ff7xcgusar66cyn5t2e4,1
omniflix13cxrn8as89yd9nw6y6hegcncw20e7gez24f860,2
omniflix1880z6724rrl8dnlmt82v59uw7ek0dvayu5rm92,2
omniflix1w09nmhpeg3dxp649vdydn6rtrekx3k9uxf34d7,3
omniflix1q3sp4yxk3epf92sgs2l9tz84543kedpuwrlyly,2
omniflix12x4lu5ma6cuqzqys48fmm2fq5ttpzcr80zuqp2,2
omniflix16p9ayt965gc30q9v3y3rn2y3yvlj4q995xzuls,1
omniflix1x68vmvax6lf3d3z2ht0vvde2xkaaumq7snm7h3,2
omniflix1n80uafaqnqnju4j3la4vmdq5dy4fw9nyxu67m2,2
omniflix1tw90d32qlrnq7wnd5u5vks9vezxevf7dqmdttl,1
omniflix15ehjvnkuxc96h74w4r83263dpu03znw8crsmch,1
omniflix1lem94tax97sl2e8efrvaxn4sx5k3npf7eu2ntj,2
omniflix1nwnhd7jlfdkx7a99nwe9eesgf6yzwfszk2jf7c,2
omniflix12s3tsnzz7ejqm7pww48lf7yxv8tlnnet6qs2uy,1
omniflix1sskm8vw2zfqklyf20wlxtcu7dd3qtvzjjkh43k,2
omniflix10vp3rh6j5gu4xngngzc6lyr5m36ge8x4tsj663,4
omniflix150pycew3s0kk08ftv8k2wyvwd765affk4kz5xd,2
omniflix1skc39yv0r75x9tlr5rqjgveuj7xkjntq9j84y7,1
omniflix1jkdqeuc55k3rzvsxksack6xhn0exgzh38t6vfp,1
omniflix18wycp23y69ky0rla4p75muzhejn0cd76c94v4f,3
omniflix1mkp7n029fp6dfkrjah3a9nx5upcwyq2pqqpefx,1
omniflix14l93dwnqe25rnu4anfc6q0dlcukea9pdzlk2sd,3
omniflix1w6qu8q9d9de6tj8lgtqtfxrydmcn7q60jk95w2,2
omniflix1y3k57ttsysjmfwfcmhsekzy6s2kep4hpn2uayr,2
omniflix17hr0kwjgklazhufht4sdpllmvm6047wdfy0y3j,2
omniflix107vtc5kflupjz0dfurh8x444a2xtke9l332mhk,2
omniflix1lglx92av5cs0l52y8rvhg2z8lqgpe2p8mkgqn3,2
omniflix1x755asu299qwzp9z3f2r6886ceut99hj784zs7,1
omniflix13wanwq55svzk9pqj45q75l3ft2gprzcepx2l5f,4
omniflix1zp3ry8s7v2dehtxd86ndvmz2plustmj9zac3wf,2
omniflix1ft92z9xr8tyaa9n7ulsc3hkn09e5m9esq90tye,1
omniflix19ss9p0edy5jp8pf65jlr66ly2ledyy33s8970x,1
omniflix1edu5sfe26mcx2lm3andplnjdwn4v4yfgdvcyq2,2
omniflix1pgjsu5996dk9gr8wy4z357k5lq4x7werktu5yp,2
omniflix1th00yw5wkeezmzcxp89w8necl46erqzytv77cl,2
omniflix18ccefscdak90e2zjpee5cw7g76xg436jhqrxlk,1
omniflix1fq5twlmmmqhahjpy0h7sleskv4vldmdze4ka6y,2
omniflix195x63zceqj9jylnp5luahe7lvh3fvukfwmxgxz,1
omniflix1t8c83d9t44t829pzjq9uxc9aq5kzf64xr9sykq,3
omniflix1ja9uell4cj7a564fzdm7w7733um2mhnvrdd38f,2
omniflix1dee44yhy0plsnl8np4wjl6r96h9a6dqa2he0zc,1
omniflix1qvng6wqmurk549wa850qhfnshsalxaec8tlm6f,2
omniflix1eltl6qu6y538vhux3mk3pjpn7redx8naeh87pm,1
omniflix1vgw2mlf9lphf68qg8enr5hzf6wphep8qlyaexz,1
omniflix1d93fxj5xe9q5jtdge5d7wtafdl6kcrxhltslhh,1
omniflix176rek8yn6udkjvdjggrtj53jpam5dwdht8pmyz,3
omniflix1vxzxvsy69zgg4cp68kkw8urarmgsnlgtcc4cvs,2
omniflix14l6y5aajezyjgdqj6dgw4e3x39jc88977ezmzk,1
omniflix1ep2umj6kn34g2ttjalsc5r9w8pt7sv4xcu7eay,1
omniflix18gcjgqkzxwatrnrhhykcr8k7emjcwjaunkjhal,2
omniflix1t7cxdre4zv8az6y0ezd5jj6n2cedfuzen96pgy,1
omniflix1yyvdwarlwt4sz6qslzs5sx5jlzu6guajjn3zj4,2
omniflix14y4jh43q7gd4f9sdx3zchkhky9wex3yta8yuu9,5
omniflix1dqf5rg4kccq558f29qa02wurmcmrapchgytgk0,1
omniflix1059qwc07gxwu7fh9c7t6xsr9fgc2e0ks23k0lj,1
omniflix1v3za9z53dm40722ncj9963sc9wfn30hzd2nmcd,2
omniflix1nnlvg9fcs7lfsfxgeaf69hg604nxag0amrud3u,2
omniflix1lq6e0385p2566a29m6cmx0dkl5px5t2qu65v9u,1
omniflix1hfxkp7l5c5j26yfcys20rhm3r4sszp8qawea2l,1
omniflix1ytem9skzmq7n7tlfcqjw6wqfgd587cn3x0fvn8,2
omniflix12hw7ms48ln4jawlehvhsl2j5e4gvaq8hynxfmn,2
omniflix1rhgsg2qedccgwrpws524tagm4v7rlpdr23kthy,1
omniflix1g6xfcm9mufp9e92ztsxw030nk4cwd8x7vgrcz8,3
omniflix1h5g4xckxxafxswsqzd6fquu47xcaj7f0al7ksw,2
omniflix1hykp95lhvllud7qxhujqj3vf6sq4pq4f5utl9p,2
omniflix1r5vuhe6dkklwaqch228pr24622syma8evhwnxm,2
omniflix1cp5ywgnjhjg26zyc2yexhxe9kypv8t54u3s7er,2
omniflix1f4lra52avyw35wqetv6pemcn70eqh5pm67vs4m,1
omniflix1v7j3vgv69rzg26laqfqp64us7mwxjg2s3s4fpf,2
omniflix15xdrd7ztark2h0d2crg6gj5zhlyg866mfl3c60,2
omniflix10vwfuv83he5pumzwajrfspar8yydclskkd28jx,2
omniflix1hqgs5xwxskr9ar83her7q69099wtwu3xwh9qx5,2
omniflix1sr6we26zudse5670frh4m92yf7r0quzexwhwmw,2
omniflix1cz460an4tm6jap57d6mtnr7pdlv5z4fyr8upvr,2
omniflix18e47wxp8eep2czf5ppscykk0g9g4se00u9rsfq,1
omniflix1k4e57zmvh6rq2rjdaghr6u364xgrmzjyjah57m,1
omniflix1m3d9zmhpu5unxkpggy94vt049fvauayllmr0qg,2
omniflix1a82kdx9pf58pl34c4e0n50ex7pwha9pmmlkq8l,1
omniflix16ssqhy8zqwfx28c0yh6wfm3q9rytkfqu95xgjj,1
omniflix1duls39pg7uqze7vpz65n22re72nycvmryzgums,2
omniflix1wc4dlgqw2p9xqwk7lx84puurqewru2exl750zc,2
omniflix17asmacqf9wn3ghsmjvtljez7zweutdyhn3lppl,1
omniflix13j9mv3npanz5syqv7efaa4umdq6e7e8tfe59yt,1
omniflix1smq5tgpst86x7aawvvw05up6jnmygw4pftrzs4,2
omniflix1mh5sy8y4apvetwpkrkrvj8rst9wtff3wtre6ra,2
omniflix1gxhs5wzam5rlgf6cs0lkme400ut64d4nxvv6rw,1
omniflix1tff5390erd5rcvxexnuph499x87sv8nx6tanac,2
omniflix1pvwussxtdv2m2cutv8atgpy40e7g947ujrhu52,1
omniflix1mrlnf0x72g6wsuyjunp2t7jmrf88qwswpcn6c4,3
omniflix1zvd87wavklzxpp4r78rnqndzw08wffgr7s9vpc,1
omniflix1e8yhhl8amglg25w3kkekm84fzn2yppyu3904ek,2
omniflix1hsst3mt5k5pnhztfx0sxa76up6mja3k57hfm3g,3
omniflix1s48ea2c9wz46rslma5dfj9ttrsq6wkyjpdnqtf,2
omniflix104algnpncvwvsrm24ds2v2uk34gepg074hnmhl,1
omniflix105ccpl3pkkpqx3zmheerp52k8tahs9kl70a69q,1
omniflix1ylpwfq2pn2ug4s3dg3ntdmfmazu72q3gj59703,2
omniflix18wg80p26wzjwdggclux0mzeetdapfhjc2gnaa0,1
omniflix1ujc2kt26d3a0x7v92e5acfu952j228f2k0wegd,3
omniflix1nweq53m4y686pheugsnvm34fxf8uns4vmzdatd,2
omniflix1w3q6z3hydvw59hmk39cdtl2dr92lykjyrcgykr,1
omniflix105ytzzer2c6h63tfy9cu8x6sajclzzaxzvsc8d,2
omniflix1hqvgvm764x0nlamlahpe7rju53wnnkn6esqre7,2
omniflix15dw2s2mt4gmdgy8x4tyj9lutahqm46vrf6g672,2
omniflix194pp2whvqynxnfyw5tqy8fzy2kxsugyrsacw60,1
omniflix1kuqmrdr70ts3aute2hznx5y3ty9jrl3fgmq5xa,2
omniflix1rqyyttavvav6ghjn37uklutgz6a9z6axt3nmp6,3
omniflix1jlarsemshdeuateg7h7692e3ytzzyvlq5zpxr6,2
omniflix1frpyq27rs5a0achn7rasff0dlntzw5lafw8afy,1
omniflix17x2ry75hddumjswr2gr7hwfle7hdtned4z3m4z,1
omniflix1vvf9slh3nlp46aukycsjnd08j95nezxqst0rps,1
omniflix1cx2xj6gw4we6jxxq2s2nc8lfxwwcvejmusc06m,3
omniflix13z67rj2jtltmvlh63h2e8qs7824xjvs9vxngcm,2
omniflix1hv4rlv94dwwsj3z7l6muye6ndmup0htatch9sd,2
omniflix1r5h46t8crr7ur99tg9x483n3t8es5gwpfnc2ys,2
omniflix1njh3z7r4eq99as3unlaqyr5uqrvy6p7kyt04wu,3
omniflix1ddkuq0ykaxqnxrrxnc46ltm78eeu4qtq423syg,2
omniflix15kg9wjturcn5rdfazuxspquw5arz4ay7mfgt82,2
omniflix1pp7tnfck379ckqgxvf4l06d55f3g4waehhw765,2
omniflix1wgmqjq4vtlp6hfmn64vkw587fkl4yt5dekdkgl,2
omniflix1e3xafwerg09754rskmzzqhyxtrempe3pec5w7n,1
omniflix1dphjqwenetur8p05a3jqr00navx0de09az9z6r,1
omniflix1qe0mlgcumms5qsvervcpsvwgltc8vl4r5us43d,3
omniflix1dzz0hlf8uznvxwmgdd4su4euk8tmpys2drg40x,2
omniflix1am6f3ghq7quqhajg3x2wdn04gp93gmk2egk76y,1
omniflix15lkjh25t3scx4e5fc086tqlyjuvudtgufmrdt0,1
omniflix1v85w4fc74mmvxgg0p4ykjqad5vljmy33r2v3fd,1
omniflix1axzcdln69qetlhnecajrhjhl7w00x3p75f940w,3
omniflix10lgdszxem58cy6nvh4nkffd4t3f8vaa9da8m66,1
omniflix1edtvs0dyx7cxgvq05gdjyrrztzcf990ghjt7h5,2
omniflix1w5xua75d7q22mkthadw7q24jr037p2yjtxss2k,2
omniflix1ygsgtmn057xn7xl30hz0a3y5p7p7ltyhndp8sv,1
omniflix13z4p8e65ptz2k5kj7v8jxnhl3j0jx4xhyyy08u,1
omniflix1gct0wnld98qwgwqh9v2ysx2esj8l0d3j2dn026,2
omniflix1x7nlujj7me6jm4xvdh736wfxngmjrkseyg883v,2
omniflix1kyhjq95pl98r9f2hf8kmecxpqxzwsqwufesarg,4
omniflix1xhxu4n75c36srfztueql80g8l4th7vvhkq7tfu,2
omniflix1t6ncn353j2dmaes34t7p2vgauuvh3xxa23eryu,2
omniflix1jy3mqclrr08n3hd0z07xf9mj43g56nft6ruv6h,2
omniflix1fu8yxj4ngv37zqtz0yzj652zsf6rlctjxnx8vh,1
omniflix1ql6wzmjcrpmms2ehv7r0nkekdahkmqwyfsf86n,1
omniflix148vmqxzgp4yc996pasredy3v9sw8sxzsxmk4kk,1
omniflix18alqm0yx76hly5vr9cpe4jssluye3j896cmln8,1
omniflix1lyj7hy8e7j2r4an534x2w5qv3h3fur8gxmpu33,2
omniflix1ml39y89zln43z4uzewhyy494cslerx2u6css4g,2
omniflix1etfksyl75gjvf4s2ah4cvtwev62c0zhnfvmfwk,2
omniflix12c6y9dm97r05cu2ewjjw0gm4f6y0pnsmzdrrac,2
omniflix1cm8028w796yytm2a3c7lppm3f783yqulrkf202,2
omniflix1kh8gsd7cxetjv5cpva59s0hwxktau22sxdqrv6,1
omniflix13dh23ekflzpd9evyp6zywmp3v3ty3jfcmjj3lv,1
omniflix1e8238v24qccht9mqc2w0r4luq462yxttxnhnts,3
omniflix157un8nmw34sva4y80zjnd98c87224gdf8rfdjt,1
omniflix179aa9phrhsh5fqfcx5r8c66jsnrww2x8srf54j,2
omniflix15hfd67x8rvukvdraqsskxsrza7fu22rcycwax9,1
omniflix13hkkudmaa46r3nnk2pupr63c2x4zxnep0nh70w,1
omniflix1puj8yjmgrvn4w8vfswsnx972lucywetdzyrk3m,1
omniflix1xmnd36lsev76lw8n68wz35fty2qrsdg32m3e2x,2
omniflix1ajwhtsjnh4q5zpv44waezrxeuw2nw46qmlgsm0,1
omniflix1x2qlrdddgzcnzs4cnewfhrarva3uv4hdfw5263,1
omniflix1nnfax0wtzj7988vxqcc5cd2d78uwetgd2rez63,1
omniflix1e3ukvtjmrqhmwje70dhmqnvvt3tjpkrkdyue6m,2
omniflix1f8k2k0dhhrdzpc3u4rwegl236v4ave4afgl9x9,1
omniflix1dhv9zyw4trwysyhj5ncxtwzjddxww44aymjf6x,1
omniflix1zpf8rkjxepapkt5tmlpl36a7cz03vydfurdu4j,1
omniflix1hgv7e8pjk8jqtfwsypq34y3puqxtald2upahap,1
omniflix1kkaus7unzpgzewklhulnj535pwkrsd2xd45dd7,1
omniflix1j2uz8axjyu0fs0gxecsz8snyc04rd9pca7zm4q,1
omniflix134mdeh36vwk2r4dhua872f570wr5529am2vad3,2
omniflix12247yy7a2azc9vr256wgrc3rza5vuehdc44rms,1
omniflix13mzj95aqnj4mn99k5j7kvngl9d9xupp384f5fj,2
omniflix1ft5ujgxtftqy9az8fjmt32kxfpergryhk83au0,1
omniflix1jqy8p9ze0aps0qsgqe6kjvjaz0ln344sqdpfjh,1
omniflix1m20wyugxnse56q2lfmm9txyk2fx39s6fn3j0x9,1
omniflix1rrqhq3xyqadt3nk236h8mv98jm99ee00wqpcyt,1
omniflix1034gpkf540sy3fm6pvh34p3p3jy3w426hgp7g4,2
omniflix185s8urs0n3qvspz9qk0x8473aczgd4jxa8w9du,2
omniflix1nuwg8d3uf5ateatgvqu47g49wa730ttsnzclnf,1
omniflix1edte6z2390vx2eneymvpyruqdwqhad7nzkvkee,1
omniflix1z8j6yu6gkksr6qdt4p4p4xvw07yz6anmunp76w,1
omniflix1afdtyhgrdu4uacwa78spszulqawv708dfeflse,2
omniflix1hgxthrqtwutsaeycqw4hhxkky3rxrz7hue4e0r,1
omniflix15uf26r2zxhy46d0gjqz0qxpw0easqegkkgxfrv,2
omniflix14kw6payx49n2gezae5l9h8qplqfzz967yrtw3p,2
omniflix12djtswcvpz0arqu7yuyq0ztt2m0lj32q3thcrl,1
omniflix1f8yzpac3egzj8guz3glxrqdqyaqv0h7t4e0m4l,2
omniflix1679yrs8dmska7wcsawgy2m25kwucm3z0frx5ua,2
omniflix10c4kq2997yqh2dfp7h7wjzmrr3mrx96amq03ll,1
omniflix1w2qhd68h0ffkpp3xa6d2ejdv643vqtd67su8hs,1
omniflix12ugjpkl8a4setvjlwlsvadsqp8akmwyuygu33y,2
omniflix1c9gslmcxapu928h2v44mqzp5pujnun4qc55kcs,2
omniflix15pppznc8s0eyp7zrzyxxzjy0tyfu2ccjkejr4m,1
omniflix1e7hz3e84mj82r2hae3pl28x22dw4h6pzl9ajfl,1
omniflix12t2q70l6vqf7r44uu9rtg83l6r5z8fdagmvp6h,2
omniflix1dzdz6hwegce4p00z58jnufklzdmfcr5mm6jr6y,1
omniflix1dtx6hfadm3nwa7wy9gtqnzvpd6ugw890cmthqh,1
omniflix1730jpas5ha7yfwflrjzyj83kqusszx6f05ewhg,1
omniflix13pny9wkauex4jqqlzxmwrgp2l6spcs27w5a7lu,2
omniflix15c2gczs463mzzj3reaku0t7lzc6p7d70lshhj8,2
omniflix1jzyayj8fk0csd5trurr9t7p4fygf9zyuxv9svx,2
omniflix1a95p6pfpjjhljxff886zfdtx77r3s8hqnm2juv,2
omniflix1wlkvq7as3v533sx4ca9485dygulr2jqrzavznj,1
omniflix1scekz7ucky8dl80m4phdj9c00r9wl75q7dh3uz,1
omniflix1fl7r0ftq4c50z9rk6xmezscjdl54tjxs329r53,1
omniflix1ha37mcle6p2sp75ml47e7y73tdsuftradaudh9,2
omniflix1p6zkwnxkv9vnsxhkn73mdy5s5mde8qz7lragae,1
omniflix18ru2sffd4u2al42s3ns6kefhdkcput7vlcfpv9,2
omniflix1ef97akcf2k2mjh68dwy4nmtzqge8gw5j02g54y,2
omniflix1pkd93jlue5h9dvf0rt7vymxr00rkrp8qzre0rr,1
omniflix18cnl3923awfrvczh7dwahaevwzrhqa3ek9z62h,2
omniflix1dwxlquug5f5ylvced043ckka0w0myy80gjv9qe,2
omniflix1vjymkucluukngrzyp3ykkdrj6mr6h7y0p8ymkj,2
omniflix1y7tc6g66ewgkux44u5htnyje59p4mnj286ft3e,1
omniflix1w6x67rdgdswz6gqprkd30ry4lexfh6kdkl57g4,1
omniflix15tc5fzhcy2e2wmxgv9t70n5khwr5zkgh6nzaeh,2
omniflix198yx4d4pffqs95qmsqkar6axfhuhsjhvhzdjhn,1
omniflix14lv4vkvha46n8txctwustplzvc5fn4t3zzkymn,1
omniflix1c2dc63pkjkgjlkuzl3fanj9l3q67e8gyrn2ctp,2
omniflix18y8k89nasz84hg99c37h3w38uw2dqm4aspzrej,2
omniflix1m08uvfvexcqmvdwq8eypd8tpk0k7h6kwfj032g,2
omniflix1r3sglnjc34q2l0nf2rl2dh6slum564mm6q2ugg,2
omniflix1qn8sr2hzmktlecusdtxj9hwj0upnm0jf4g4e56,1
omniflix1matj808uqzlyvqep88rqz4r9jt3t3x43sugn9k,1
omniflix148v42m525qvkhqv4z6l70ww655v8458kz86949,1
omniflix1phyrc2vvu9xwcx6h8up6gylk646nnk9nn0erm9,1
omniflix1kau82zrz5y97jnu4q6s36evudaw80f8f0d6x48,1
omniflix1s5nyuaf52zec5egjwxe7522xhxegjketyw0dsv,1
omniflix12gdehwwv8eusdzwszpx2yt522cnun74ydjwyqy,2
omniflix1s46jmv3c05usk6yk50tyy8axc4t9rglr90sqkn,2
omniflix1utk8ngp07dk25kdf9zxv8xwmf79wtn4qvhfhdh,1
omniflix1sn0gq7jlk5cscurvnsrlxc644p2dkwq5fr7v6c,1
omniflix1u9wfupyv3w03dufk59shp2djg4xj92su4j4sps,2
omniflix1mn8q62zn97zekxa9j4dgax6j7l6jcxvskz69dc,2
omniflix16trvfak9d9kelp0f9yzhnvuk8t5j7wk5fkfduc,2
omniflix1z0xst4xz9uqerjzafd5pf3yufn50lnhk2au98m,1
omniflix1smayc0rmlskta86n3r8fmnjtjpx0y04jwjke7p,1
omniflix103hpgvyh6jan42gdn3j3vpk39dwgp5q747p5xf,1
omniflix13al537g2y9hvd7hrfhew0fpfxjtz0ynj4vrerw,1
omniflix15a9j0np9zftwgay08lers070kygn2s5650rzgm,1
omniflix1dnst3ud7sker9kcvrx33xv0etae2qmd20h56uq,2
omniflix1nyuec6lck8pq48eaxqk738yaluyszg5wg0w3jy,1
omniflix1ceyprzn4y8n4lmm5zs3m9pgeejfmt72gwndwe7,2
omniflix1zh5948hgzfahrtxs2em52l3vf8xufjagsn0yl7,2
omniflix1lglmxd26mn584psw5ymev37xysythvs8yjdtdu,2
omniflix1a589352nyqpgjeu63r2ar5e7z3zxxtlqpx299p,4
omniflix1n45t2sknp6gjj85f25sazprq7q8kyweqltjxw4,2
omniflix10xx2p5jt8nvy46qqgj2sdcya6ekqrm4jcc4fjd,1
omniflix1ux02hxf36ty3rkj4rlkulnzf0lfjgavqg2dy3z,1
omniflix1vu9kz56t9k34tr29sa6kkmchhwx9y96xwjzt3c,2
omniflix1a5mtds6jm5lhes6l0rzqlsz73se574hlmng2fn,1
omniflix137eskzme3v0wzumvsulr4nx0smvz7j8qekh5hv,1
omniflix1xtma734vv09svv46ghu2esanahkhw5u76r27j5,1
omniflix1lyhqyeenfsa4fqwfq694ez6wn2khm9nss20yvk,1
omniflix1u870ksd35rctnae70kl602hzrqcnwe8tazhrt7,1
omniflix13ulcudmvpuuu0cpzcuz3ecvmg3r3q7hdy3kq6j,1
omniflix12dy2cwv5m85ml0vzck2gp2d5x8cxflk7v08a78,3
omniflix1344t5ay69ux9htrjaq427aatw3vzm9wdtdq32e,2
omniflix1cffqlxsq87myua4mxunv47jz65ly8makuyj4du,1
omniflix1467crryxceqy25un36uf6025v244kk7jrpnytr,1
omniflix1psdm7lrc29hlzj5axv5tlrt8huj8lmghamzsgm,1
omniflix1y6cz0xswtgxg63ym4umjp95205cwrrhuqkstue,3
omniflix19c08tfsy0n5t9wg4kg7j5uyjcnarhuwp2p52gf,2
omniflix1a7zgasrrnjaqnqgj74ma6mrqx96lfhtfkyc3gz,1
omniflix1996fmv264qhrc5ashatg6ey4swghx25yulk0v4,1
omniflix1gv8dtln9fxc7tpknagxn2h73zfzjkl0f6dua35,2
omniflix1x0nwdy980ew5jkz2dwglud3jldn0346se4s5gd,1
omniflix1v5r6e5rzn4crc2nj0erfr23tfm6wyh333g9vxv,1
omniflix1ack7w9dy87e3zw562nc9dz364r6gvamxwmp4zz,1
omniflix14t6c7lpfuyfqknqpfhnhyycuxq5kr6tx3qrna4,2
omniflix1t0tu0vch5k6v3pcw3ua9zlme75ktzl92hpemmu,1
omniflix1s59n4nhfkfrqhxdmvmzpprga9dc3qhnkrzgp0q,2
omniflix192wpc837s94vvg5uyagqsyc29yf0r6w33ps8a2,1
omniflix1l2ecc2gplvtuces5mxzz5p7pnfl34hx2rj45vv,1
omniflix17dgtj8727tkk28f92h9j9kqvutq5h9ucmfpwlz,1
omniflix1u4js26jzrjr28qpgle49lyscch49rc49pyhx9m,1
omniflix154qqt4ac35lepp492smmf0kunkruu8065et2na,1
omniflix172hxdt6we3w7qmjelxyf7ul3xuq0nntcwgec08,2
omniflix19qypu6hpwpyqmd24xufq8zkua3fmrhapkww558,1
omniflix1q7xq90c3uge05k3pfcplu3syc4djfzqt0y8e8l,4
omniflix1v5s42qmh7zy8l0y3nnnf76kfkltfsvr77z55s5,1
omniflix1pzlxvc656phtckdtzwnkllx942zy4xpx75zxrq,1
omniflix1ndx3zhn04535dsj3fc2x9fm0fjn0etnydg3htq,2
omniflix14x93fhqwawsjkyxjuwh6kds844u0zxh98rdj5g,1
omniflix182lqqhnduhz5vn033gyz6w0vk3755mn9l7s5sd,1
omniflix1hua9v0h42dkkxz0smykz0mxr7xp0sgm4k50l4w,2
omniflix1dvjckhnwmve076vu9xt568qdjawacarndpxugu,1
omniflix1v7ee9wqd4738az2lkm7k53cdlc7fn4myrpjstu,1
omniflix1kaem9y5vkd5hw3tx0gt8gzf937pzu0w5l2g7p0,2
omniflix1tneppw8gfvkplqsr4rtwzpalcaa7rjvp2t64tl,2
omniflix13a8y37qct92a7l5fmhkauvug85m9am7g0nvv36,2
omniflix106akxzs2akpheypsnv8q5vvsjunfw5pyc56ww8,1
omniflix1xn6ayqyefzckhfg7fnsd2sacq5ks09a3wczhmd,1
omniflix124flgnvashde9f590kukmcsrh5nmm6q9vv4d0g,1
omniflix1szms8659d0gd78q4x5vl6vckhc05xhrtg46m4u,1
omniflix1xspr9c0e032zr8j4er79fw3vm85exsg23ehyxr,1
omniflix199vzgkwyj9l5pgycngtkdk3tcx83nhj8dxu5ea,2
omniflix17xns6wc65n37mdf6k8mqxunkc2exq6qx5n5uz7,1
omniflix1qltxuz7zak8rgx30xvenh6muwrkf8z2d3ngsn8,1
omniflix18f6kvektk46zw38jv7tn60y6zad26h033dkgg8,1
omniflix1p79t93p9eqzc22y9uflr5wuynthkrsrxefc74z,1
omniflix1auate99re9zk23esc7ekg9wwsyp6946ayxpdzh,1
omniflix1syduk77fywqfd56ukj37hrhrplglj623hypp99,1
omniflix1qvxydz9v8a6jaa56h68unrstjrz6l9k3kft3ww,1
omniflix1434zluxmfj85vwpc3stk03wrcuzrqllc6e24cn,1
omniflix12tdulmvjmsmpaqrpshz0emu0h9sqz5x5e6fmnq,1
omniflix1hfygllaur5879xnt4qgq2653n0y9g5vq356728,1
omniflix1y34ym08z9awcjsstsp9uvx308k3w7sgggjzvg2,1